<?xml version="1.0"?>
<config>
    <menu>
        <system>
            <children>
                <email_template>
                    <children>
                        <mandrill translate="title" module="ebizmarts_mandrill">
                            <title>Mandrill</title>
                            <children>
                                <users_senders translate="title" module="ebizmarts_mandrill">
                                    <title>Senders</title>
                                    <action>adminhtml/mandrill_users/senders</action>
                                </users_senders>
                            </children>
                        </mandrill>
                    </children>
                </email_template>
            </children>
        </system>
        <newsletter>
            <children>
                <ebizmarts_mandrill>
                    <title>Mandrill Settings</title>
                    <sort_order>999</sort_order>
                    <action>adminhtml/system_config/edit/section/mandrill</action>
                </ebizmarts_mandrill>
            </children>
        </newsletter>

    </menu>
    <acl>
        <resources>
            <admin>
                <children>
                    <system>
                        <children>
                            <config>
                                <children>
                                    <mandrill translate="title" module="ebizmarts_mandrill">
                                        <title>Mandrill Configuration</title>
                                    </mandrill>
                                </children>
                            </config>
                        </children>
                    </system>
                </children>
            </admin>
        </resources>
    </acl>
</config>