<?xml version="1.0"?>
<!--
    Configuration file for Ebizmarts_Autoresponder module, touch at you entire responsibility

    @category   Ebizmarts
    @package    Ebizmarts_Autoresponder
    @author     Ebizmarts Team <info@ebizmarts.com>
    @license    http://opensource.org/licenses/osl-3.0.php
-->
<config>
    <sections>
        <ebizmarts_autoresponder translate="label" module="ebizmarts_autoresponder">
            <label><![CDATA[Autoresponder Emails]]></label>
            <tab>monkey</tab>
            <sort_order>500</sort_order>
            <show_in_default>1</show_in_default>
            <show_in_website>1</show_in_website>
            <show_in_store>1</show_in_store>
            <groups>
                <hint>
                    <frontend_model>ebizmarts_autoresponder/adminhtml_system_config_fieldset_hint</frontend_model>
                    <sort_order>0</sort_order>
                    <show_in_default>1</show_in_default>
                    <show_in_website>1</show_in_website>
                    <show_in_store>1</show_in_store>
                </hint>
                <general translate="label comment">
                    <label>General</label>
                    <sort_order>1</sort_order>
                    <frontend_type>text</frontend_type>
                    <show_in_default>1</show_in_default>
                    <show_in_website>1</show_in_website>
                    <show_in_store>1</show_in_store>
                    <fields>
                        <active translate="label">
                            <label>Enabled</label>
                            <frontend_type>select</frontend_type>
                            <source_model>adminhtml/system_config_source_yesno</source_model>
                            <sort_order>10</sort_order>
                            <show_in_default>1</show_in_default>
                            <show_in_website>1</show_in_website>
                            <show_in_store>1</show_in_store>
                        </active>
                        <enable_log translate="label">
                            <label>Enable Log</label>
                            <frontend_type>select</frontend_type>
                            <source_model>adminhtml/system_config_source_yesno</source_model>
                            <sort_order>11</sort_order>
                            <show_in_default>1</show_in_default>
                            <show_in_website>0</show_in_website>
                            <show_in_store>1</show_in_store>
                            <comment>File is {{base_dir}}/var/log/Ebzimarts_Autoresponder.log</comment>
                        </enable_log>
                        <identity translate="label">
                            <label>Sender</label>
                            <frontend_type>select</frontend_type>
                            <source_model>adminhtml/system_config_source_email_identity</source_model>
                            <sort_order>20</sort_order>
                            <show_in_default>1</show_in_default>
                            <show_in_website>1</show_in_website>
                            <show_in_store>1</show_in_store>
                            <depends>
                                <active>1</active>
                            </depends>
                        </identity>
                    </fields>
                </general>
                <neworder translate="label comment">
                    <label>After New Order</label>
                    <sort_order>2</sort_order>
                    <frontend_type>text</frontend_type>
                    <show_in_default>1</show_in_default>
                    <show_in_website>1</show_in_website>
                    <show_in_store>1</show_in_store>
                    <fields>
                        <active translate="label">
                            <label>Enabled</label>
                            <frontend_type>select</frontend_type>
                            <source_model>adminhtml/system_config_source_yesno</source_model>
                            <sort_order>10</sort_order>
                            <show_in_default>1</show_in_default>
                            <show_in_website>1</show_in_website>
                            <show_in_store>1</show_in_store>
                        </active>
                        <trigger translate="label">
                            <label>Set email trigger</label>
                            <frontend_type>select</frontend_type>
                            <source_model>ebizmarts_autoresponder/system_config_newordertrigger</source_model>
                            <sort_order>15</sort_order>
                            <show_in_default>1</show_in_default>
                            <show_in_website>1</show_in_website>
                            <show_in_store>1</show_in_store>
                            <depends>
                                <active>1</active>
                            </depends>
                        </trigger>
                        <days translate="label">
                            <label>Days after order</label>
                            <frontend_type>text</frontend_type>
                            <sort_order>20</sort_order>
                            <show_in_default>1</show_in_default>
                            <show_in_website>1</show_in_website>
                            <show_in_store>1</show_in_store>
                            <depends>
                                <active>1</active>
                                <trigger separator=",">0,2</trigger>
                            </depends>
                        </days>
                        <order_status translate="label comment">
                            <label>Order Status</label>
                            <frontend_type>multiselect</frontend_type>
                            <source_model>adminhtml/system_config_source_order_status</source_model>
                            <sort_order>23</sort_order>
                            <show_in_default>1</show_in_default>
                            <show_in_website>0</show_in_website>
                            <show_in_store>1</show_in_store>
                            <comment><![CDATA[The email will be sent when order gets to the selected status.]]></comment>
                            <depends>
                                <active>1</active>
                                <trigger separator=",">1,2</trigger>
                            </depends>
                        </order_status>
                        <subject translate="label">
                            <label>Mail Subject</label>
                            <frontend_type>text</frontend_type>
                            <sort_order>25</sort_order>
                            <show_in_default>1</show_in_default>
                            <show_in_website>1</show_in_website>
                            <show_in_store>1</show_in_store>
                            <depends>
                                <active>1</active>
                            </depends>
                        </subject>
                        <template translate="label">
                            <label>Email Template</label>
                            <frontend_type>select</frontend_type>
                            <config_path>ebizmarts_autoresponder/neworder/template</config_path>
                            <source_model>adminhtml/system_config_source_email_template</source_model>
                            <sort_order>30</sort_order>
                            <show_in_default>1</show_in_default>
                            <show_in_website>1</show_in_website>
                            <show_in_store>1</show_in_store>
                            <depends>
                                <active>1</active>
                            </depends>
                        </template>
                        <mandrill-tag translate="label">
                            <label>Mandrill Tag</label>
                            <frontend_type>text</frontend_type>
                            <sort_order>40</sort_order>
                            <show_in_default>1</show_in_default>
                            <show_in_website>1</show_in_website>
                            <show_in_store>1</show_in_store>
                            <depends>
                                <active>1</active>
                            </depends>
                        </mandrill-tag>
                        <customer translate="label comment">
                            <label>Customer Groups</label>
                            <frontend_type>multiselect</frontend_type>
                            <source_model>ebizmarts_autoresponder/system_config_customergroup</source_model>
                            <sort_order>50</sort_order>
                            <show_in_default>1</show_in_default>
                            <show_in_website>1</show_in_website>
                            <show_in_store>1</show_in_store>
                            <can_be_empty>0</can_be_empty>
                            <comment><![CDATA[]]></comment>
                            <depends>
                                <active>1</active>
                            </depends>
                        </customer>
                        <cron-time translate="label">
                            <label>Hour to send emails</label>
                            <frontend_type>select</frontend_type>
                            <source_model>ebizmarts_autoresponder/system_config_hours</source_model>
                            <sort_order>60</sort_order>
                            <show_in_default>1</show_in_default>
                            <show_in_website>1</show_in_website>
                            <show_in_store>1</show_in_store>
                            <depends>
                                <active>1</active>
                                <trigger>0</trigger>
                            </depends>
                        </cron-time>
                    </fields>
                </neworder>
                <related translate="label comment">
                    <label>Related Products</label>
                    <sort_order>3</sort_order>
                    <frontend_type>text</frontend_type>
                    <show_in_default>1</show_in_default>
                    <show_in_website>1</show_in_website>
                    <show_in_store>1</show_in_store>
                    <fields>
                        <active translate="label">
                            <label>Enabled</label>
                            <frontend_type>select</frontend_type>
                            <source_model>adminhtml/system_config_source_yesno</source_model>
                            <sort_order>10</sort_order>
                            <show_in_default>1</show_in_default>
                            <show_in_website>1</show_in_website>
                            <show_in_store>1</show_in_store>
                        </active>
                        <days translate="label">
                            <label>Days after order</label>
                            <frontend_type>text</frontend_type>
                            <sort_order>20</sort_order>
                            <show_in_default>1</show_in_default>
                            <show_in_website>1</show_in_website>
                            <show_in_store>1</show_in_store>
                            <depends>
                                <active>1</active>
                            </depends>
                        </days>
                        <template translate="label">
                            <label>Email Template</label>
                            <frontend_type>select</frontend_type>
                            <config_path>ebizmarts_autoresponder/related/template</config_path>
                            <source_model>adminhtml/system_config_source_email_template</source_model>
                            <sort_order>30</sort_order>
                            <show_in_default>1</show_in_default>
                            <show_in_website>1</show_in_website>
                            <show_in_store>1</show_in_store>
                            <depends>
                                <active>1</active>
                            </depends>
                        </template>
                        <subject translate="label comment">
                            <label>Email Subject</label>
                            <frontend_type>text</frontend_type>
                            <sort_order>35</sort_order>
                            <show_in_default>1</show_in_default>
                            <show_in_website>1</show_in_website>
                            <show_in_store>1</show_in_store>
                            <can_be_empty>0</can_be_empty>
                            <comment><![CDATA[The subject for the related email]]></comment>
                            <depends>
                                <active>1</active>
                            </depends>
                        </subject>
                        <mandrill-tag translate="label">
                            <label>Mandrill Tag</label>
                            <frontend_type>text</frontend_type>
                            <sort_order>40</sort_order>
                            <show_in_default>1</show_in_default>
                            <show_in_website>1</show_in_website>
                            <show_in_store>1</show_in_store>
                            <depends>
                                <active>1</active>
                            </depends>
                        </mandrill-tag>
                        <status translate="label comment">
                            <label>Order Status</label>
                            <frontend_type>select</frontend_type>
                            <source_model>adminhtml/system_config_source_order_status</source_model>
                            <sort_order>50</sort_order>
                            <show_in_default>1</show_in_default>
                            <show_in_website>1</show_in_website>
                            <show_in_store>1</show_in_store>
                            <comment><![CDATA[Order status for sending the review mail request]]></comment>
                            <depends>
                                <active>1</active>
                            </depends>
                        </status>
                        <customer translate="label comment">
                            <label>Customer Groups</label>
                            <frontend_type>multiselect</frontend_type>
                            <source_model>ebizmarts_autoresponder/system_config_customergroup</source_model>
                            <sort_order>60</sort_order>
                            <show_in_default>1</show_in_default>
                            <show_in_website>1</show_in_website>
                            <show_in_store>1</show_in_store>
                            <can_be_empty>0</can_be_empty>
                            <comment><![CDATA[]]></comment>
                            <depends>
                                <active>1</active>
                            </depends>
                        </customer>
                        <max-related translate="label">
                            <label>Max related products</label>
                            <frontend_type>text</frontend_type>
                            <sort_order>70</sort_order>
                            <show_in_default>1</show_in_default>
                            <show_in_website>1</show_in_website>
                            <show_in_store>1</show_in_store>
                            <comment>Max related product, 0 means no max</comment>
                            <depends>
                                <active>1</active>
                            </depends>
                        </max-related>
                        <cron-time translate="label">
                            <label>Hour to send emails</label>
                            <frontend_type>select</frontend_type>
                            <source_model>ebizmarts_autoresponder/system_config_hours</source_model>
                            <sort_order>80</sort_order>
                            <show_in_default>1</show_in_default>
                            <show_in_website>1</show_in_website>
                            <show_in_store>1</show_in_store>
                            <depends>
                                <active>1</active>
                            </depends>
                        </cron-time>
                    </fields>
                </related>
                <review translate="label comment">
                    <label>Product Review</label>
                    <sort_order>4</sort_order>
                    <frontend_type>text</frontend_type>
                    <show_in_default>1</show_in_default>
                    <show_in_website>1</show_in_website>
                    <show_in_store>1</show_in_store>
                    <fields>
                        <hint>
                            <frontend_model>ebizmarts_autoresponder/adminhtml_system_config_review_fieldset_hint
                            </frontend_model>
                            <sort_order>0</sort_order>
                            <show_in_default>1</show_in_default>
                            <show_in_website>1</show_in_website>
                            <show_in_store>1</show_in_store>
                        </hint>
                        <active translate="label">
                            <label>Enabled</label>
                            <frontend_type>select</frontend_type>
                            <source_model>adminhtml/system_config_source_yesno</source_model>
                            <sort_order>10</sort_order>
                            <show_in_default>1</show_in_default>
                            <show_in_website>1</show_in_website>
                            <show_in_store>1</show_in_store>
                        </active>
                        <days translate="label">
                            <label>Days after a order</label>
                            <frontend_type>text</frontend_type>
                            <sort_order>20</sort_order>
                            <show_in_default>1</show_in_default>
                            <show_in_website>1</show_in_website>
                            <show_in_store>1</show_in_store>
                            <depends>
                                <active>1</active>
                            </depends>
                        </days>
                        <template translate="label">
                            <label>Email Template</label>
                            <frontend_type>select</frontend_type>
                            <config_path>ebizmarts_autoresponder/review/template</config_path>
                            <source_model>adminhtml/system_config_source_email_template</source_model>
                            <sort_order>30</sort_order>
                            <show_in_default>1</show_in_default>
                            <show_in_website>1</show_in_website>
                            <show_in_store>1</show_in_store>
                            <depends>
                                <active>1</active>
                            </depends>
                        </template>
                        <subject translate="label comment">
                            <label>Email Subject</label>
                            <frontend_type>text</frontend_type>
                            <sort_order>35</sort_order>
                            <show_in_default>1</show_in_default>
                            <show_in_website>1</show_in_website>
                            <show_in_store>1</show_in_store>
                            <can_be_empty>0</can_be_empty>
                            <comment><![CDATA[The subject for the review email]]></comment>
                            <depends>
                                <active>1</active>
                            </depends>
                        </subject>
                        <mandrill-tag translate="label">
                            <label>Mandrill Tag</label>
                            <frontend_type>text</frontend_type>
                            <sort_order>40</sort_order>
                            <show_in_default>1</show_in_default>
                            <show_in_website>1</show_in_website>
                            <show_in_store>1</show_in_store>
                            <depends>
                                <active>1</active>
                            </depends>
                        </mandrill-tag>
                        <status translate="label comment">
                            <label>Order Status</label>
                            <frontend_type>select</frontend_type>
                            <source_model>adminhtml/system_config_source_order_status</source_model>
                            <sort_order>50</sort_order>
                            <show_in_default>1</show_in_default>
                            <show_in_website>1</show_in_website>
                            <show_in_store>1</show_in_store>
                            <comment><![CDATA[Order status for sending the review mail request]]></comment>
                            <depends>
                                <active>1</active>
                            </depends>
                        </status>
                        <customer translate="label comment">
                            <label>Customer Groups</label>
                            <frontend_type>multiselect</frontend_type>
                            <source_model>ebizmarts_autoresponder/system_config_customergroup</source_model>
                            <sort_order>60</sort_order>
                            <show_in_default>1</show_in_default>
                            <show_in_website>1</show_in_website>
                            <show_in_store>1</show_in_store>
                            <can_be_empty>0</can_be_empty>
                            <comment><![CDATA[]]></comment>
                            <depends>
                                <active>1</active>
                            </depends>
                        </customer>
                        <coupon translate="label">
                            <label>Create Coupon?</label>
                            <frontend_type>select</frontend_type>
                            <source_model>adminhtml/system_config_source_yesno</source_model>
                            <sort_order>70</sort_order>
                            <show_in_default>1</show_in_default>
                            <show_in_website>1</show_in_website>
                            <show_in_store>1</show_in_store>
                            <depends>
                                <active>1</active>
                            </depends>
                        </coupon>
                        <coupon_mandrill_tag translate="label comment">
                            <label>Coupon mail Mandrill tag</label>
                            <frontend_type>text</frontend_type>
                            <sort_order>72</sort_order>
                            <show_in_default>1</show_in_default>
                            <show_in_website>1</show_in_website>
                            <show_in_store>1</show_in_store>
                            <depends>
                                <active>1</active>
                                <coupon>1</coupon>
                            </depends>
                        </coupon_mandrill_tag>
                        <coupon_mail_subject translate="label comment">
                            <label>Coupon mail Subject</label>
                            <frontend_type>text</frontend_type>
                            <sort_order>74</sort_order>
                            <show_in_default>1</show_in_default>
                            <show_in_website>1</show_in_website>
                            <show_in_store>1</show_in_store>
                            <depends>
                                <active>1</active>
                                <coupon>1</coupon>
                            </depends>
                        </coupon_mail_subject>
                        <coupon_template translate="label">
                            <label>Coupon Email Template</label>
                            <frontend_type>select</frontend_type>
                            <config_path>ebizmarts_autoresponder/review/coupon_template</config_path>
                            <source_model>adminhtml/system_config_source_email_template</source_model>
                            <sort_order>30</sort_order>
                            <show_in_default>1</show_in_default>
                            <show_in_website>1</show_in_website>
                            <show_in_store>1</show_in_store>
                            <depends>
                                <active>1</active>
                            </depends>
                        </coupon_template>
                        <coupon_counter translate="label comment">
                            <label>Coupon Counter</label>
                            <frontend_type>select</frontend_type>
                            <source_model>ebizmarts_autoresponder/system_config_couponcounter</source_model>
                            <sort_order>80</sort_order>
                            <show_in_default>1</show_in_default>
                            <show_in_website>1</show_in_website>
                            <show_in_store>1</show_in_store>
                            <comment><![CDATA[How do you want to count reviews<br>Keep in mind, <em>General</em> only work for registered customers]]></comment>
                            <depends>
                                <active>1</active>
                                <coupon>1</coupon>
                            </depends>
                        </coupon_counter>
                        <coupon_general_quantity trasnslate="label comment">
                            <label>Required Reviews qty</label>
                            <frontend_type>text</frontend_type>
                            <sort_order>90</sort_order>
                            <show_in_default>1</show_in_default>
                            <show_in_website>1</show_in_website>
                            <show_in_store>1</show_in_store>
                            <depends>
                                <active>1</active>
                                <coupon>1</coupon>
                                <coupon_counter>2</coupon_counter>
                            </depends>
                        </coupon_general_quantity>
                        <coupon_general_type translate="label comment">
                            <label>How many coupons</label>
                            <frontend_type>select</frontend_type>
                            <source_model>ebizmarts_autoresponder/system_config_generaltype</source_model>
                            <sort_order>100</sort_order>
                            <show_in_default>1</show_in_default>
                            <show_in_website>1</show_in_website>
                            <show_in_store>1</show_in_store>
                            <comment><![CDATA[<em>Each</em>: every "Required Review qty" multiple is reached, a new coupon will be sent.<br><em>Only once</em>: a coupon is sent only the first time that "Required Review qty" is reached.<br><em>Specific</em>: same as <em>Each</em> but also defines a fixed qty of coupons to be sent.]]></comment>
                            <depends>
                                <active>1</active>
                                <coupon>1</coupon>
                                <coupon_counter>2</coupon_counter>
                            </depends>
                        </coupon_general_type>
                        <coupon_specific_quantity translate="lable comment">
                            <label>Specific coupons qty</label>
                            <frontend_type>text</frontend_type>
                            <sort_order>105</sort_order>
                            <show_in_default>1</show_in_default>
                            <show_in_website>1</show_in_website>
                            <show_in_store>1</show_in_store>
                            <depends>
                                <active>1</active>
                                <coupon>1</coupon>
                                <coupon_counter>2</coupon_counter>
                                <coupon_general_type>3</coupon_general_type>
                            </depends>
                        </coupon_specific_quantity>
                        <coupon_order_counter>
                            <label>Min. items reviewed per order</label>
                            <frontend_type>text</frontend_type>
                            <sort_order>90</sort_order>
                            <show_in_default>1</show_in_default>
                            <show_in_website>1</show_in_website>
                            <show_in_store>1</show_in_store>
                            <comment><![CDATA[How many items needs to be reviewed per order to win a coupon (0 means all items requires a review).]]></comment>
                            <depends>
                                <active>1</active>
                                <coupon>1</coupon>
                                <coupon_counter>1</coupon_counter>
                            </depends>
                        </coupon_order_counter>
                        <coupon_order_almost translate="label comment">
                            <label>Min. item qty in Order</label>
                            <frontend_type>text</frontend_type>
                            <sort_order>100</sort_order>
                            <show_in_default>1</show_in_default>
                            <show_in_website>1</show_in_website>
                            <show_in_store>1</show_in_store>
                            <comment><![CDATA[Order needs to have at least this quantity of items to apply for a coupon (0 means all Orders applies, no matter how many items were ordered).]]></comment>
                            <depends>
                                <active>1</active>
                                <coupon>1</coupon>
                                <coupon_counter>1</coupon_counter>
                            </depends>
                        </coupon_order_almost>
                        <coupon_order_max translate="label comment">
                            <label>Max. coupons for Customer</label>
                            <frontend_type>text</frontend_type>
                            <sort_order>105</sort_order>
                            <show_in_default>1</show_in_default>
                            <show_in_website>1</show_in_website>
                            <show_in_store>1</show_in_store>
                            <comment><![CDATA[0 means there's no limit of coupons that a Customer can win.]]></comment>
                            <depends>
                                <active>1</active>
                                <coupon>1</coupon>
                                <coupon_counter>1</coupon_counter>
                            </depends>
                        </coupon_order_max>
                        <customer_coupon translate="label comment">
                            <label>Customer Groups for coupon</label>
                            <frontend_type>multiselect</frontend_type>
                            <source_model>ebizmarts_autoresponder/system_config_customergroup</source_model>
                            <sort_order>110</sort_order>
                            <show_in_default>1</show_in_default>
                            <show_in_website>1</show_in_website>
                            <show_in_store>1</show_in_store>
                            <can_be_empty>0</can_be_empty>
                            <comment><![CDATA[]]></comment>
                            <depends>
                                <active>1</active>
                                <coupon>1</coupon>
                            </depends>
                        </customer_coupon>
                        <automatic translate="label">
                            <label>Option</label>
                            <frontend_type>select</frontend_type>
                            <source_model>ebizmarts_autoresponder/system_config_automatic</source_model>
                            <sort_order>115</sort_order>
                            <show_in_default>1</show_in_default>
                            <show_in_website>1</show_in_website>
                            <show_in_store>1</show_in_store>
                            <depends>
                                <active>1</active>
                                <coupon>1</coupon>
                            </depends>
                        </automatic>
                        <coupon_code>
                            <label>Coupon Code</label>
                            <frontend_type>text</frontend_type>
                            <sort_order>120</sort_order>
                            <show_in_default>1</show_in_default>
                            <show_in_website>1</show_in_website>
                            <show_in_store>1</show_in_store>
                            <can_be_empty>0</can_be_empty>
                            <comment><![CDATA[Existing coupon code.]]></comment>
                            <depends>
                                <active>1</active>
                                <coupon>1</coupon>
                                <automatic>1</automatic>
                            </depends>
                        </coupon_code>
                        <expire>
                            <label>Expires on</label>
                            <frontend_type>text</frontend_type>
                            <sort_order>120</sort_order>
                            <show_in_default>1</show_in_default>
                            <show_in_website>1</show_in_website>
                            <show_in_store>1</show_in_store>
                            <can_be_empty>0</can_be_empty>
                            <comment><![CDATA[Coupon expiration in days.]]></comment>
                            <depends>
                                <active>1</active>
                                <coupon>1</coupon>
                                <automatic>2</automatic>
                            </depends>
                        </expire>
                        <length>
                            <label>Coupon length</label>
                            <frontend_type>text</frontend_type>
                            <sort_order>130</sort_order>
                            <show_in_default>1</show_in_default>
                            <show_in_website>1</show_in_website>
                            <show_in_store>1</show_in_store>
                            <can_be_empty>0</can_be_empty>
                            <depends>
                                <active>1</active>
                                <coupon>1</coupon>
                                <automatic>2</automatic>
                            </depends>
                        </length>
                        <discounttype>
                            <label>Discount type</label>
                            <frontend_type>select</frontend_type>
                            <source_model>ebizmarts_autoresponder/system_config_discounttype</source_model>
                            <sort_order>140</sort_order>
                            <show_in_default>1</show_in_default>
                            <show_in_website>1</show_in_website>
                            <show_in_store>1</show_in_store>
                            <can_be_empty>0</can_be_empty>
                            <comment><![CDATA[Select percentage or fixed discount.]]></comment>
                            <depends>
                                <active>1</active>
                                <coupon>1</coupon>
                                <automatic>2</automatic>
                            </depends>
                        </discounttype>
                        <discount>
                            <label>Discount amount</label>
                            <frontend_type>text</frontend_type>
                            <sort_order>150</sort_order>
                            <show_in_default>1</show_in_default>
                            <show_in_website>1</show_in_website>
                            <show_in_store>1</show_in_store>
                            <can_be_empty>0</can_be_empty>
                            <comment><![CDATA[Amount]]></comment>
                            <depends>
                                <active>1</active>
                                <coupon>1</coupon>
                                <automatic>2</automatic>
                            </depends>
                        </discount>
                        <couponlabel>
                            <label>Label for coupon</label>
                            <frontend_type>text</frontend_type>
                            <sort_order>160</sort_order>
                            <show_in_default>1</show_in_default>
                            <show_in_website>1</show_in_website>
                            <show_in_store>1</show_in_store>
                            <can_be_empty>0</can_be_empty>
                            <comment><![CDATA[]]></comment>
                            <depends>
                                <active>1</active>
                                <coupon>1</coupon>
                                <automatic>2</automatic>
                            </depends>
                        </couponlabel>
                        <cron-time translate="label">
                            <label>Hour to send emails</label>
                            <frontend_type>select</frontend_type>
                            <source_model>ebizmarts_autoresponder/system_config_hours</source_model>
                            <sort_order>170</sort_order>
                            <show_in_default>1</show_in_default>
                            <show_in_website>1</show_in_website>
                            <show_in_store>1</show_in_store>
                            <depends>
                                <active>1</active>
                            </depends>
                        </cron-time>
                    </fields>
                </review>
                <birthday translate="label comment">
                    <label>Before Customer Birthday</label>
                    <sort_order>12</sort_order>
                    <frontend_type>text</frontend_type>
                    <show_in_default>1</show_in_default>
                    <show_in_website>1</show_in_website>
                    <show_in_store>1</show_in_store>
                    <fields>
                        <hint>
                            <frontend_model>ebizmarts_autoresponder/adminhtml_system_config_birthday_fieldset_hint
                            </frontend_model>
                            <sort_order>0</sort_order>
                            <show_in_default>1</show_in_default>
                            <show_in_website>1</show_in_website>
                            <show_in_store>1</show_in_store>
                        </hint>
                        <active translate="label">
                            <label>Enabled</label>
                            <frontend_type>select</frontend_type>
                            <source_model>adminhtml/system_config_source_yesno</source_model>
                            <sort_order>10</sort_order>
                            <show_in_default>1</show_in_default>
                            <show_in_website>1</show_in_website>
                            <show_in_store>1</show_in_store>
                        </active>
                        <days translate="label">
                            <label>Days before birthday</label>
                            <frontend_type>text</frontend_type>
                            <sort_order>20</sort_order>
                            <show_in_default>1</show_in_default>
                            <show_in_website>1</show_in_website>
                            <show_in_store>1</show_in_store>
                            <depends>
                                <active>1</active>
                            </depends>
                        </days>
                        <template translate="label">
                            <label>Email Template</label>
                            <frontend_type>select</frontend_type>
                            <config_path>ebizmarts_autoresponder/birthday/template</config_path>
                            <source_model>adminhtml/system_config_source_email_template</source_model>
                            <sort_order>30</sort_order>
                            <show_in_default>1</show_in_default>
                            <show_in_website>1</show_in_website>
                            <show_in_store>1</show_in_store>
                            <depends>
                                <active>1</active>
                            </depends>
                        </template>
                        <subject translate="label comment">
                            <label>Email Subject</label>
                            <frontend_type>text</frontend_type>
                            <sort_order>35</sort_order>
                            <show_in_default>1</show_in_default>
                            <show_in_website>1</show_in_website>
                            <show_in_store>1</show_in_store>
                            <can_be_empty>0</can_be_empty>
                            <comment><![CDATA[The subject for the bithday's email]]></comment>
                            <depends>
                                <active>1</active>
                            </depends>
                        </subject>
                        <mandrill-tag translate="label">
                            <label>Mandrill Tag</label>
                            <frontend_type>text</frontend_type>
                            <sort_order>40</sort_order>
                            <show_in_default>1</show_in_default>
                            <show_in_website>1</show_in_website>
                            <show_in_store>1</show_in_store>
                            <depends>
                                <active>1</active>
                            </depends>
                        </mandrill-tag>
                        <customer translate="label comment">
                            <label>Customer Groups</label>
                            <frontend_type>multiselect</frontend_type>
                            <source_model>ebizmarts_autoresponder/system_config_customergroup</source_model>
                            <sort_order>50</sort_order>
                            <show_in_default>1</show_in_default>
                            <show_in_website>1</show_in_website>
                            <show_in_store>1</show_in_store>
                            <can_be_empty>0</can_be_empty>
                            <comment><![CDATA[]]></comment>
                            <depends>
                                <active>1</active>
                            </depends>
                        </customer>
                        <coupon translate="label">
                            <label>Create Coupon?</label>
                            <frontend_type>select</frontend_type>
                            <source_model>adminhtml/system_config_source_yesno</source_model>
                            <sort_order>100</sort_order>
                            <show_in_default>1</show_in_default>
                            <show_in_website>1</show_in_website>
                            <show_in_store>1</show_in_store>
                            <depends>
                                <active>1</active>
                            </depends>
                        </coupon>
                        <customer_coupon translate="label comment">
                            <label>Customer Groups for coupon</label>
                            <frontend_type>multiselect</frontend_type>
                            <source_model>ebizmarts_autoresponder/system_config_customergroup</source_model>
                            <sort_order>110</sort_order>
                            <show_in_default>1</show_in_default>
                            <show_in_website>1</show_in_website>
                            <show_in_store>1</show_in_store>
                            <can_be_empty>0</can_be_empty>
                            <comment><![CDATA[]]></comment>
                            <depends>
                                <active>1</active>
                                <coupon>1</coupon>
                            </depends>
                        </customer_coupon>
                        <automatic translate="label">
                            <label>Option</label>
                            <frontend_type>select</frontend_type>
                            <source_model>ebizmarts_autoresponder/system_config_automatic</source_model>
                            <sort_order>115</sort_order>
                            <show_in_default>1</show_in_default>
                            <show_in_website>1</show_in_website>
                            <show_in_store>1</show_in_store>
                            <depends>
                                <active>1</active>
                                <coupon>1</coupon>
                            </depends>
                        </automatic>
                        <coupon_code>
                            <label>Coupon Code</label>
                            <frontend_type>text</frontend_type>
                            <sort_order>120</sort_order>
                            <show_in_default>1</show_in_default>
                            <show_in_website>1</show_in_website>
                            <show_in_store>1</show_in_store>
                            <can_be_empty>0</can_be_empty>
                            <comment><![CDATA[The code of an existing coupon]]></comment>
                            <depends>
                                <active>1</active>
                                <coupon>1</coupon>
                                <automatic>1</automatic>
                            </depends>
                        </coupon_code>
                        <expire>
                            <label>Expire on</label>
                            <frontend_type>text</frontend_type>
                            <sort_order>120</sort_order>
                            <show_in_default>1</show_in_default>
                            <show_in_website>1</show_in_website>
                            <show_in_store>1</show_in_store>
                            <can_be_empty>0</can_be_empty>
                            <comment><![CDATA[The coupon expiration in days]]></comment>
                            <depends>
                                <active>1</active>
                                <coupon>1</coupon>
                                <automatic>2</automatic>
                            </depends>
                        </expire>
                        <length>
                            <label>Coupon length</label>
                            <frontend_type>text</frontend_type>
                            <sort_order>130</sort_order>
                            <show_in_default>1</show_in_default>
                            <show_in_website>1</show_in_website>
                            <show_in_store>1</show_in_store>
                            <can_be_empty>0</can_be_empty>
                            <depends>
                                <active>1</active>
                                <coupon>1</coupon>
                                <automatic>2</automatic>
                            </depends>
                        </length>
                        <discounttype>
                            <label>Discount type</label>
                            <frontend_type>select</frontend_type>
                            <source_model>ebizmarts_autoresponder/system_config_discounttype</source_model>
                            <sort_order>140</sort_order>
                            <show_in_default>1</show_in_default>
                            <show_in_website>1</show_in_website>
                            <show_in_store>1</show_in_store>
                            <can_be_empty>0</can_be_empty>
                            <comment><![CDATA[Select percentage or fixed discount]]></comment>
                            <depends>
                                <active>1</active>
                                <coupon>1</coupon>
                                <automatic>2</automatic>
                            </depends>
                        </discounttype>
                        <discount>
                            <label>Discount amount</label>
                            <frontend_type>text</frontend_type>
                            <sort_order>150</sort_order>
                            <show_in_default>1</show_in_default>
                            <show_in_website>1</show_in_website>
                            <show_in_store>1</show_in_store>
                            <can_be_empty>0</can_be_empty>
                            <comment><![CDATA[Amount]]></comment>
                            <depends>
                                <active>1</active>
                                <coupon>1</coupon>
                                <automatic>2</automatic>
                            </depends>
                        </discount>
                        <couponlabel>
                            <label>Label for coupon</label>
                            <frontend_type>text</frontend_type>
                            <sort_order>160</sort_order>
                            <show_in_default>1</show_in_default>
                            <show_in_website>1</show_in_website>
                            <show_in_store>1</show_in_store>
                            <can_be_empty>0</can_be_empty>
                            <comment><![CDATA[]]></comment>
                            <depends>
                                <active>1</active>
                                <coupon>1</coupon>
                                <automatic>2</automatic>
                            </depends>
                        </couponlabel>
                        <cron-time translate="label">
                            <label>Hour to send emails</label>
                            <frontend_type>select</frontend_type>
                            <source_model>ebizmarts_autoresponder/system_config_hours</source_model>
                            <sort_order>170</sort_order>
                            <show_in_default>1</show_in_default>
                            <show_in_website>1</show_in_website>
                            <show_in_store>1</show_in_store>
                            <depends>
                                <active>1</active>
                            </depends>
                        </cron-time>
                    </fields>
                </birthday>
                <noactivity translate="label comment">
                    <label>No Customer Activity</label>
                    <sort_order>15</sort_order>
                    <frontend_type>text</frontend_type>
                    <show_in_default>1</show_in_default>
                    <show_in_website>1</show_in_website>
                    <show_in_store>1</show_in_store>
                    <fields>
                        <active translate="label">
                            <label>Enabled</label>
                            <frontend_type>select</frontend_type>
                            <source_model>adminhtml/system_config_source_yesno</source_model>
                            <sort_order>10</sort_order>
                            <show_in_default>1</show_in_default>
                            <show_in_website>1</show_in_website>
                            <show_in_store>1</show_in_store>
                        </active>
                        <days translate="label">
                            <label>Days with no activity</label>
                            <frontend_type>text</frontend_type>
                            <sort_order>20</sort_order>
                            <show_in_default>1</show_in_default>
                            <show_in_website>1</show_in_website>
                            <show_in_store>1</show_in_store>
                            <depends>
                                <active>1</active>
                            </depends>
                        </days>
                        <template translate="label">
                            <label>Email Template</label>
                            <frontend_type>select</frontend_type>
                            <config_path>ebizmarts_autoresponder/noactivity/template</config_path>
                            <source_model>adminhtml/system_config_source_email_template</source_model>
                            <sort_order>30</sort_order>
                            <show_in_default>1</show_in_default>
                            <show_in_website>1</show_in_website>
                            <show_in_store>1</show_in_store>
                            <depends>
                                <active>1</active>
                            </depends>
                        </template>
                        <subject translate="label comment">
                            <label>Email Subject</label>
                            <frontend_type>text</frontend_type>
                            <sort_order>35</sort_order>
                            <show_in_default>1</show_in_default>
                            <show_in_website>1</show_in_website>
                            <show_in_store>1</show_in_store>
                            <can_be_empty>0</can_be_empty>
                            <comment><![CDATA[The subject for the No Activity email]]></comment>
                            <depends>
                                <active>1</active>
                            </depends>
                        </subject>
                        <mandrill-tag translate="label">
                            <label>Mandrill Tag</label>
                            <frontend_type>text</frontend_type>
                            <sort_order>40</sort_order>
                            <show_in_default>1</show_in_default>
                            <show_in_website>1</show_in_website>
                            <show_in_store>1</show_in_store>
                            <depends>
                                <active>1</active>
                            </depends>
                        </mandrill-tag>
                        <customer translate="label comment">
                            <label>Customer Groups</label>
                            <frontend_type>multiselect</frontend_type>
                            <source_model>ebizmarts_autoresponder/system_config_customergroup</source_model>
                            <sort_order>50</sort_order>
                            <show_in_default>1</show_in_default>
                            <show_in_website>1</show_in_website>
                            <show_in_store>1</show_in_store>
                            <can_be_empty>0</can_be_empty>
                            <comment><![CDATA[]]></comment>
                            <depends>
                                <active>1</active>
                            </depends>
                        </customer>
                        <cron-time translate="label">
                            <label>Hour to send emails</label>
                            <frontend_type>select</frontend_type>
                            <source_model>ebizmarts_autoresponder/system_config_hours</source_model>
                            <sort_order>60</sort_order>
                            <show_in_default>1</show_in_default>
                            <show_in_website>1</show_in_website>
                            <show_in_store>1</show_in_store>
                            <depends>
                                <active>1</active>
                            </depends>
                        </cron-time>
                    </fields>
                </noactivity>
                <wishlist translate="label comment">
                    <label>After Wishlist Add</label>
                    <sort_order>16</sort_order>
                    <frontend_type>text</frontend_type>
                    <show_in_default>1</show_in_default>
                    <show_in_website>1</show_in_website>
                    <show_in_store>1</show_in_store>
                    <fields>
                        <hint>
                            <frontend_model>ebizmarts_autoresponder/adminhtml_system_config_wishlist_fieldset_hint</frontend_model>
                            <sort_order>0</sort_order>
                            <show_in_default>1</show_in_default>
                            <show_in_website>1</show_in_website>
                            <show_in_store>1</show_in_store>
                        </hint>
                        <active translate="label">
                            <label>Enabled</label>
                            <frontend_type>select</frontend_type>
                            <source_model>adminhtml/system_config_source_yesno</source_model>
                            <sort_order>10</sort_order>
                            <show_in_default>1</show_in_default>
                            <show_in_website>1</show_in_website>
                            <show_in_store>1</show_in_store>
                        </active>
                        <days translate="label">
                            <label>Days after wishlist add</label>
                            <frontend_type>text</frontend_type>
                            <sort_order>20</sort_order>
                            <show_in_default>1</show_in_default>
                            <show_in_website>1</show_in_website>
                            <show_in_store>1</show_in_store>
                            <depends>
                                <active>1</active>
                            </depends>
                        </days>
                        <template translate="label">
                            <label>Email Template</label>
                            <frontend_type>select</frontend_type>
                            <config_path>ebizmarts_autoresponder/wishlist/template</config_path>
                            <source_model>adminhtml/system_config_source_email_template</source_model>
                            <sort_order>30</sort_order>
                            <show_in_default>1</show_in_default>
                            <show_in_website>1</show_in_website>
                            <show_in_store>1</show_in_store>
                            <depends>
                                <active>1</active>
                            </depends>
                        </template>
                        <subject translate="label comment">
                            <label>Email Subject</label>
                            <frontend_type>text</frontend_type>
                            <sort_order>35</sort_order>
                            <show_in_default>1</show_in_default>
                            <show_in_website>1</show_in_website>
                            <show_in_store>1</show_in_store>
                            <can_be_empty>0</can_be_empty>
                            <comment><![CDATA[The subject for the wishlist email]]></comment>
                            <depends>
                                <active>1</active>
                            </depends>
                        </subject>
                        <mandrill-tag translate="label">
                            <label>Mandrill Tag</label>
                            <frontend_type>text</frontend_type>
                            <sort_order>40</sort_order>
                            <show_in_default>1</show_in_default>
                            <show_in_website>1</show_in_website>
                            <show_in_store>1</show_in_store>
                            <depends>
                                <active>1</active>
                            </depends>
                        </mandrill-tag>
                        <customer translate="label comment">
                            <label>Customer Groups</label>
                            <frontend_type>multiselect</frontend_type>
                            <source_model>ebizmarts_autoresponder/system_config_customergroup</source_model>
                            <sort_order>50</sort_order>
                            <show_in_default>1</show_in_default>
                            <show_in_website>1</show_in_website>
                            <show_in_store>1</show_in_store>
                            <can_be_empty>0</can_be_empty>
                            <comment><![CDATA[]]></comment>
                            <depends>
                                <active>1</active>
                            </depends>
                        </customer>
                        <cron-time translate="label">
                            <label>Hour to send emails</label>
                            <frontend_type>select</frontend_type>
                            <source_model>ebizmarts_autoresponder/system_config_hours</source_model>
                            <sort_order>60</sort_order>
                            <show_in_default>1</show_in_default>
                            <show_in_website>1</show_in_website>
                            <show_in_store>1</show_in_store>
                            <depends>
                                <active>1</active>
                            </depends>
                        </cron-time>
                    </fields>
                </wishlist>
                <visitedproducts translate="label comment">
                    <label>Visited Products</label>
                    <sort_order>20</sort_order>
                    <frontend_type>text</frontend_type>
                    <show_in_default>1</show_in_default>
                    <show_in_website>1</show_in_website>
                    <show_in_store>1</show_in_store>
                    <fields>
                        <active translate="label">
                            <label>Enabled</label>
                            <frontend_type>select</frontend_type>
                            <source_model>adminhtml/system_config_source_yesno</source_model>
                            <sort_order>10</sort_order>
                            <show_in_default>1</show_in_default>
                            <show_in_website>1</show_in_website>
                            <show_in_store>1</show_in_store>
                        </active>
                        <days translate="label">
                            <label>Number of days to wait before sending emails</label>
                            <frontend_type>text</frontend_type>
                            <sort_order>20</sort_order>
                            <show_in_default>1</show_in_default>
                            <show_in_website>1</show_in_website>
                            <show_in_store>1</show_in_store>
                            <depends>
                                <active>1</active>
                            </depends>
                        </days>
                        <time translate="label comment">
                            <label>Seconds elapsed to consider a product as visited</label>
                            <frontend_type>select</frontend_type>
                            <source_model>ebizmarts_autoresponder/system_config_time</source_model>
                            <sort_order>30</sort_order>
                            <show_in_default>1</show_in_default>
                            <show_in_website>1</show_in_website>
                            <show_in_store>1</show_in_store>
                            <depends>
                                <active>1</active>
                            </depends>
                        </time>
                        <template translate="label">
                            <label>Email Template</label>
                            <frontend_type>select</frontend_type>
                            <config_path>ebizmarts_autoresponder/visitedproducts/template</config_path>
                            <source_model>adminhtml/system_config_source_email_template</source_model>
                            <sort_order>40</sort_order>
                            <show_in_default>1</show_in_default>
                            <show_in_website>1</show_in_website>
                            <show_in_store>1</show_in_store>
                            <depends>
                                <active>1</active>
                            </depends>
                        </template>
                        <subject translate="label comment">
                            <label>Email Subject</label>
                            <frontend_type>text</frontend_type>
                            <sort_order>50</sort_order>
                            <show_in_default>1</show_in_default>
                            <show_in_website>1</show_in_website>
                            <show_in_store>1</show_in_store>
                            <can_be_empty>0</can_be_empty>
                            <comment><![CDATA[The subject for the visited products email]]></comment>
                            <depends>
                                <active>1</active>
                            </depends>
                        </subject>
                        <mandrill-tag translate="label">
                            <label>Mandrill Tag</label>
                            <frontend_type>text</frontend_type>
                            <sort_order>60</sort_order>
                            <show_in_default>1</show_in_default>
                            <show_in_website>1</show_in_website>
                            <show_in_store>1</show_in_store>
                            <depends>
                                <active>1</active>
                            </depends>
                        </mandrill-tag>
                        <customer translate="label comment">
                            <label>Customer Groups</label>
                            <frontend_type>multiselect</frontend_type>
                            <source_model>ebizmarts_autoresponder/system_config_customergroup</source_model>
                            <sort_order>70</sort_order>
                            <show_in_default>1</show_in_default>
                            <show_in_website>1</show_in_website>
                            <show_in_store>1</show_in_store>
                            <can_be_empty>0</can_be_empty>
                            <comment><![CDATA[]]></comment>
                            <depends>
                                <active>1</active>
                            </depends>
                        </customer>
                        <max-visited translate="label">
                            <label>Max number of products to include in emails</label>
                            <frontend_type>text</frontend_type>
                            <sort_order>80</sort_order>
                            <show_in_default>1</show_in_default>
                            <show_in_website>1</show_in_website>
                            <show_in_store>1</show_in_store>
                            <comment>0 means no Max</comment>
                            <depends>
                                <active>1</active>
                            </depends>
                        </max-visited>
                        <cron-time translate="label">
                            <label>Hour to send emails</label>
                            <frontend_type>select</frontend_type>
                            <source_model>ebizmarts_autoresponder/system_config_hours</source_model>
                            <sort_order>90</sort_order>
                            <show_in_default>1</show_in_default>
                            <show_in_website>1</show_in_website>
                            <show_in_store>1</show_in_store>
                            <depends>
                                <active>1</active>
                            </depends>
                        </cron-time>
                    </fields>
                </visitedproducts>
                <backtostock>
                    <label>Back to Stock Notifications</label>
                    <sort_order>25</sort_order>
                    <frontend_type>text</frontend_type>
                    <show_in_default>1</show_in_default>
                    <show_in_website>1</show_in_website>
                    <show_in_store>1</show_in_store>
                    <fields>
                        <hint>
                            <frontend_model>ebizmarts_autoresponder/adminhtml_system_config_backtostock_fieldset_hint</frontend_model>
                            <sort_order>0</sort_order>
                            <show_in_default>1</show_in_default>
                            <show_in_website>1</show_in_website>
                            <show_in_store>1</show_in_store>
                        </hint>
                        <active translate="label">
                            <label>Enabled</label>
                            <frontend_type>select</frontend_type>
                            <source_model>adminhtml/system_config_source_yesno</source_model>
                            <sort_order>10</sort_order>
                            <show_in_default>1</show_in_default>
                            <show_in_website>1</show_in_website>
                            <show_in_store>1</show_in_store>
                        </active>
                        <template translate="label">
                            <label>Email Template</label>
                            <frontend_type>select</frontend_type>
                            <config_path>ebizmarts_autoresponder/backtostock/template</config_path>
                            <source_model>adminhtml/system_config_source_email_template</source_model>
                            <sort_order>30</sort_order>
                            <show_in_default>1</show_in_default>
                            <show_in_website>1</show_in_website>
                            <show_in_store>1</show_in_store>
                            <depends>
                                <active>1</active>
                            </depends>
                        </template>
                        <subject translate="label comment">
                            <label>Email Subject</label>
                            <frontend_type>text</frontend_type>
                            <sort_order>35</sort_order>
                            <show_in_default>1</show_in_default>
                            <show_in_website>1</show_in_website>
                            <show_in_store>1</show_in_store>
                            <can_be_empty>0</can_be_empty>
                            <comment><![CDATA[Subject for Back To Stock email notification]]></comment>
                            <depends>
                                <active>1</active>
                            </depends>
                        </subject>
                        <mandrill_tag translate="label">
                            <label>Mandrill Tag</label>
                            <frontend_type>text</frontend_type>
                            <sort_order>40</sort_order>
                            <show_in_default>1</show_in_default>
                            <show_in_website>1</show_in_website>
                            <show_in_store>1</show_in_store>
                            <depends>
                                <active>1</active>
                            </depends>
                        </mandrill_tag>
                        <allow_guests translate="label comment">
                            <label>Allow Guests to be notified</label>
                            <frontend_type>select</frontend_type>
                            <source_model>adminhtml/system_config_source_yesno</source_model>
                            <sort_order>45</sort_order>
                            <show_in_default>1</show_in_default>
                            <show_in_website>1</show_in_website>
                            <show_in_store>1</show_in_store>
                            <depends>
                                <active>1</active>
                            </depends>
                        </allow_guests>
                        <cron-time translate="label">
                            <label>Hour to send emails</label>
                            <frontend_type>select</frontend_type>
                            <source_model>ebizmarts_autoresponder/system_config_hours</source_model>
                            <sort_order>60</sort_order>
                            <show_in_default>1</show_in_default>
                            <show_in_website>1</show_in_website>
                            <show_in_store>1</show_in_store>
                            <depends>
                                <active>1</active>
                            </depends>
                        </cron-time>
                    </fields>
                </backtostock>
            </groups>
        </ebizmarts_autoresponder>
    </sections>
</config>
